*Code,*Name,*Type,*Tax Code,Description,Dashboard,Expense Claims,Enable Payments,Balance
0010,Buildings,Fixed Asset,20% (VAT on Expenses),Buildings that are owned and controlled by the business,No,No,No,
0011,Less Accumulated Depreciation on Buildings,Fixed Asset,No VAT,The total amount of buildings costs that have been consumed by the business (based on the useful life),No,No,No,
0012,Leasehold Property Improvements Depreciation,Fixed Asset,20% (VAT on Expenses),,No,No,No,
0020,Plant & Machinery,Fixed Asset,20% (VAT on Expenses),Plant and machinery that are owned and controlled by the business,No,No,No,
0021,Less Accumulated Depreciation on Plant and Machinery,Fixed Asset,No VAT,The total amount of plant and machinery cost that has been consumed by the business (based on the useful life),No,No,No,
0030,Computer Equipment,Fixed Asset,20% (VAT on Expenses),Computer equipment that is owned and controlled by the business,No,Yes,No,
0031,Less Accumulated Depreciation on Computer Equipment,Fixed Asset,No VAT,The total amount of computer equipment costs that has been consumed by the business (based on the useful life),No,No,No,
0032,Computer Equipment Additions,Fixed Asset,20% (VAT on Expenses),,No,No,No,
0040,Furniture,Fixed Asset,20% (VAT on Expenses),Office equipment that is owned and controlled by the business,No,Yes,No,
0041,Less Accumulated Depreciation on Furniture,Fixed Asset,No VAT,The total amount of office equipment costs that has been consumed by the business (based on the useful life),No,No,No,
0050,Motor Vehicles,Fixed Asset,20% (VAT on Expenses),Motor vehicles that are owned and controlled by the business,No,No,No,
0051,Less Accumulated Depreciation on Motor Vehicles,Fixed Asset,No VAT,The total amount of motor vehicle costs that has been consumed by the business (based on the useful life),No,No,No,
0060,Cycle to Work Scheme,Fixed Asset,20% (VAT on Expenses),The value added to the leased premises via improvements,No,No,No,
0061,Less Accumulated Depreciation on Cycle to Work Scheme,Fixed Asset,No VAT,,No,No,No,
0070,Tech Scheme,Fixed Asset,20% (VAT on Expenses),,No,No,No,
0303,M vehicles-disposals,Fixed Asset,20% (VAT on Expenses),,No,No,No,
0314,M vehicles depreciation on disposals,Fixed Asset,20% (VAT on Expenses),,No,No,No,
1100,Accounts Receivable,Accounts Receivable,No VAT,Invoices the business has issued but has not yet collected payment on,No,No,No,
1101,Debtors Clearing Account,Current Asset,No VAT,,No,No,Yes,
1102,Sundry Debtors,Current Asset,No VAT,,No,No,No,
1103,Prepayments,Current Asset,No VAT,An expenditure that has been paid for in advance,No,No,No,
1106,Personal/Staff Loan,Current Asset,No VAT,,No,Yes,No,
1107,Salary Sacrifice,Current Asset,No VAT,,No,No,No,
1205,BGP Current Account,Bank,No VAT,,No,No,No,
1207,BGP VAT Account,Bank,No VAT,,No,No,No,
1208,BGP Growth Account,Bank,No VAT,,No,No,No,
1209,BGP USD Account,Bank,No VAT,,No,No,No,
1211,Flagstone,Bank,No VAT,,No,No,No,
1230,Revolut,Bank,No VAT,,No,No,No,
1231,Pleo,Bank,No VAT,,No,No,No,
1500,Interco - BGPRE,Current Asset,No VAT,,No,No,No,
1501,Interco - BGP 55 Wells Street,Current Asset,No VAT,,No,No,No,
2100,Accounts Payable,Accounts Payable,No VAT,Invoices the company has received from suppliers but have not made payment on,No,No,No,
2101,Creditors Clearing Account,Current Liability,No VAT,,No,No,No,
2105,TP Directors Loan,Current Liability,No VAT,,No,No,No,
2107,WB Directors' Loan Account,Current Liability,No VAT,Monies owed to or from company directors,No,No,No,
2109,Accruals,Current Liability,No VAT,Any services the business has received but have not yet been invoiced for e.g. Accountancy Fees,No,No,No,
2110,RBS Directors' Loan Account,Current Liability,No VAT,,No,No,No,
2113,CR Directors' Loan Account,Current Liability,No VAT,,No,No,No,
2114,JB Directors' Loan Account,Current Liability,No VAT,,No,No,No,
2202,VAT Liability,VAT,No VAT,"The balance in this account represents VAT owing to or from the HMRC. At the end of the VAT period, it is this account that should be used to code against either the ‘refunds from’ or ‘payments to’ the HMRC that will appear on the bank statement. Xero has been designed to use only one VAT account to track VAT on income and expenses, so there is no need to add any new VAT accounts to Xero",No,No,No,
2210,PAYE Payable,Current Liability,No VAT,The Amount of PAYE tax due to be paid to the HMRC,No,No,No,
2211,NIC Payable,Current Liability,No VAT,The amount of a business' portion of National Insurance Contribution that is due to be paid to the HMRC,No,No,No,
2220,Wages Payable - Payroll,Current Liability,No VAT,"Where this account is set as the nominated Wages Payable account within Payroll Settings, Xero allocates the net wage amount of each pay run created using Payroll to this account",No,No,No,
2230,Pensions Payable,Current Liability,No VAT,Payroll pension payable account,No,No,No,
2300,CBILS,Current Liability,No VAT,,No,No,No,
2305,Short Term Bank Loan,Non-current Liability,No VAT,Any money that has been borrowed from a creditor,No,No,No,
2310,Hire Purchase Loan,Non-current Liability,No VAT,Any goods bought through hire purchase agreements,No,No,No,
2320,Provision for Corporation Tax,Current Liability,No VAT,Corporation tax payable to the HMRC,No,No,No,
3100,Reserves,Current Liability,No VAT,,No,No,No,
3102,Shareholder Investment,Current Liability,No VAT,,No,No,No,
3200,Profit & Loss Account,Equity,No VAT,,No,No,No,
3201,Dividend paid (to BGPRE),Current Liability,No VAT,,No,No,No,
3913,Deferred Tax - amounts used,Current Liability,No VAT,,No,No,No,
4000,Sales,Revenue,20% (VAT on Income),Income from any normal business activity,No,No,No,
4100,Other Revenue - Client Expenses,Revenue,20% (VAT on Income),Any other income that does not relate to  normal business activity and is not recurring,No,No,No,
4400,Interest Income,Revenue,No VAT,Gross interest income,No,No,No,
497,Bank Revaluations,Bank Revaluations,No VAT,Bank account revaluations due for foreign exchange rate changes,No,No,No,
498,Unrealised Currency Gains,Unrealised Currency Gains,No VAT,Unrealised currency gains on outstanding items,No,No,No,
499,Realised Currency Gains,Realised Currency Gains,No VAT,Gains or losses made due to currency exchange rate changes,No,No,No,
6001,Cost of Goods Sold,Direct Costs,20% (VAT on Expenses),Cost of goods sold by the business,No,No,No,
6002,Sub Contractors,Direct Costs,No VAT,Payment of wages/salary to an employee whose work can be directly linked to the product or service,No,No,No,
6201,Advertising,Direct Costs,20% (VAT on Expenses),Expenses incurred for advertising and marketing,No,Yes,No,
6202,Staff & Client Gifts,Direct Costs,20% (VAT on Expenses),,No,No,No,
6203,PR (literature & brochures),Direct Costs,20% (VAT on Expenses),,No,No,No,
6300,Client Recharges,Direct Costs,20% (VAT on Expenses),,No,No,No,
6302,Land Registry,Direct Costs,No VAT,,No,Yes,No,
7000,Gross Wages,Overhead,No VAT,Payment to employees in exchange for their resources,No,No,No,
7001,Commission,Overhead,No VAT,,No,No,No,
7003,Directors' Salaries,Overhead,No VAT,Payments to company directors in exchange for their resources,No,No,No,
7006,Employers National Insurance (Non Directors),Overhead,No VAT,Payment made for National Insurance contributions - business contribution only,No,No,No,
7007,Employer Pension Costs,Overhead,No VAT,Payments made to pension schemes,No,No,No,
7011,SMP Reclaimed,Overhead,No VAT,,No,No,No,
7012,Health Insurance - Aviva,Overhead,Exempt Expenses,,No,No,No,
7013,Legal & General Life Policies,Overhead,Exempt Expenses,,No,No,Yes,
7014,Flu Jabs & Covid Tests,Overhead,No VAT,,No,Yes,No,
7015,Class 1A NIC - P11d,Overhead,Exempt Expenses,,No,No,No,
7016,PSA Taxes,Overhead,Exempt Expenses,,No,No,No,
7017,Eye Tests,Overhead,No VAT,,No,No,No,
7018,Cycle to Work Scheme - Salary Sacrifice,Overhead,Exempt Expenses,,No,No,No,
7019,Employers National Insurance (Directors),Overhead,No VAT,,No,No,No,
7020,Directors Pension Costs,Overhead,No VAT,,No,No,No,
7021,Shareholder Cover,Overhead,Exempt Expenses,,No,No,No,
7100,Rent,Overhead,20% (VAT on Expenses),Payments  made to lease a building or area,No,No,No,
7101,Rates,Overhead,No VAT,Payments made to local council for rates,No,No,No,
7104,Premises Insurance,Overhead,Exempt Expenses,Expenses incurred for insuring the business' assets,No,No,No,
7106,Room Hire,Overhead,20% (VAT on Expenses),,No,No,No,
7200,Electricity,Overhead,20% (VAT on Expenses),"Expenses incurred for lighting, power or heating the business premises",No,No,No,
7304,Motor Vehicle Expenses,Overhead,20% (VAT on Expenses),Expenses incurred on the running of business motor vehicles,No,No,No,
7306,Mileage Claims,Overhead,No VAT,,No,No,No,
74011,Flights,Overhead,No VAT,,No,Yes,No,
74012,Car Hire,Overhead,20% (VAT on Expenses),,No,Yes,No,
74013,Hotels,Overhead,20% (VAT on Expenses),,No,Yes,No,
74014,Taxi,Overhead,No VAT,,No,Yes,No,
74015,Trains,Overhead,No VAT,,No,Yes,No,
74016,Tube,Overhead,No VAT,,No,Yes,No,
74017,Subsistence,Overhead,No VAT,,No,Yes,No,
74018,Parking & Tolls,Overhead,No VAT,,No,Yes,No,
74019,TFL Bike,Overhead,No VAT,,No,Yes,No,
7403,Client Entertainment,Overhead,No VAT,,No,Yes,No,
740319,Staff Entertainment,Overhead,No VAT,,No,Yes,No,
740320,Directors Meetings,Overhead,No VAT,,No,Yes,No,
740321,Agent Entertainment,Overhead,No VAT,,No,Yes,No,
7500,Printing BGP Own,Overhead,20% (VAT on Expenses),,No,No,No,
750001,Printing - Pitch Documents,Overhead,20% (VAT on Expenses),,No,No,No,
750002,Printing - Non Day to Day,Overhead,20% (VAT on Expenses),,No,No,No,
7501,Postage & Carriage,Overhead,Exempt Expenses,"Expenses incurred by the entity on postage, freight & courier costs",No,Yes,No,
750201,Telephone,Overhead,20% (VAT on Expenses),,No,No,No,
750202,Mobile Phone,Overhead,20% (VAT on Expenses),,No,No,No,
750203,WIFI,Overhead,20% (VAT on Expenses),,No,No,No,
750301,Subscriptions - IT Charges/Software,Overhead,No VAT,Expenses incurred  on  software or computer consumables,No,Yes,No,
750401,Office Supplies/Stationery,Overhead,20% (VAT on Expenses),Expenses incurred on printing and stationery,No,Yes,No,
750402,Office Supplies - Equipment,Overhead,20% (VAT on Expenses),,No,No,No,
7600,Legal & Professional Fees,Overhead,20% (VAT on Expenses),Expenses incurred on any legal matters,No,No,No,
7601,Audit & Accountancy fees,Overhead,20% (VAT on Expenses),Expenses incurred relating to accounting and audit fees,No,No,No,
7602,Consultancy Fees,Overhead,20% (VAT on Expenses),Payments made to consultants,No,No,No,
7700,Equipment Hire,Overhead,20% (VAT on Expenses),,No,No,No,
7703,LeasePlan - Electric Car - Woody,Overhead,20% (VAT on Expenses),,No,No,No,
7800,Repairs & Maintenance,Overhead,20% (VAT on Expenses),Expenses incurred on a damaged or run down asset that will bring the asset back to its original condition,No,No,No,
7801,Cleaning,Overhead,No VAT,Expenses incurred for cleaning business property,No,No,No,
7803,Premises Expenses,Overhead,20% (VAT on Expenses),,No,No,No,
7900,Interest Paid,Overhead,No VAT,Interest paid on a business bank account or credit card account,No,No,No,
7901,Bank Fees,Overhead,No VAT,Fees charged by your bank for transactions regarding your bank account(s),No,No,No,
8000,Depreciation Expense,Overhead,No VAT,The amount of the asset's cost (based on the useful life) that was consumed during the period,No,No,No,
801,Unpaid Expense Claims,Unpaid Expense Claims,No VAT,Expense claims typically made by employees/shareholder employees which the business has not made payment on,No,No,No,
8102,Less Provision for Doubtful Debts,Current Asset,No VAT,A provision anticipating that a portion of accounts receivable will never be collected,No,No,No,
8200,Donations,Overhead,No VAT,Payments made to charities or political organisations or events,No,No,No,
820101,Subscriptions - RICS,Overhead,No VAT,,No,Yes,No,
820102,Subscriptions - Magazines/Memberships,Overhead,No VAT,,No,Yes,No,
820201,Seminar/Conferences,Overhead,20% (VAT on Expenses),,No,No,No,
820208,Winter Conference,Overhead,No VAT,,No,No,No,
8203,Training,Overhead,20% (VAT on Expenses),Expenses incurred in relation to training staff,No,No,No,
8205,Sainsburys/Tesco/Ocado,Overhead,No VAT,,No,Yes,No,
840,Historical Adjustment,Historical,No VAT,For any accounting and starting balance adjustments,No,No,No,
860,Rounding,Rounding,No VAT,An adjustment entry to allow for rounding,No,No,No,
868,Earnings Orders Payable,Current Liability,No VAT,Payroll earnings order account,No,No,No,
877,Tracking Transfers,Tracking,No VAT,Transfers between tracking categories,No,No,No,
9001,Corporation Tax,Overhead,No VAT,Tax payable on business profits,No,No,No,
9002,Deferred Tax,Non-current Liability,No VAT,Used if there is a timing difference between taxable profits and accounting profits,No,No,No,
947,Student Loan Deductions Payable,Current Liability,No VAT,Payroll student loan deductions payable account,No,No,No,
950,"Capital - x,xxx Ordinary Shares",Equity,No VAT,Paid up capital,No,No,No,
960,Retained Earnings,Retained Earnings,No VAT,,No,No,No,
970,Owner A Funds Introduced,Equity,No VAT,Funds contributed by the owner,No,No,Yes,
980,Owner A Drawings,Equity,No VAT,Withdrawals by the owners,No,No,Yes,
9998,Suspense,Current Liability,No VAT,A clearing account,No,No,No,
REVFEES,Revolut Merchant Fees,Expense,No VAT,,No,No,No,
REVPAYM,Revolut Merchant Payments,Revenue,No VAT,,No,No,No,